{"text": " Since my school days I had no friends. The friends that I had betrayed me, they made fun of me. And now I feel like I am an antisocial element. People think that I am the cause for so many things that happen in the college. I am really unfortunate and I am not happy with the situation.", "segments": [{"id": 0, "seek": 0, "start": 0.0, "end": 7.0, "text": " Since my school days I had no friends. The friends that I had betrayed me, they made fun of me.", "tokens": [50363, 4619, 616, 1524, 1528, 314, 550, 645, 2460, 13, 383, 2460, 326, 314, 550, 26281, 502, 11, 484, 925, 1257, 286, 502, 13, 50713], "temperature": 0.0, "avg_logprob": -0.171959451726965, "compression_ratio": 1.5543478260869565, "no_speech_prob": 0.1591169685125351}, {"id": 1, "seek": 0, "start": 7.0, "end": 12.0, "text": " And now I feel like I am an antisocial element.", "tokens": [50713, 843, 783, 314, 1254, 588, 314, 716, 281, 33064, 9402, 5002, 13, 50963], "temperature": 0.0, "avg_logprob": -0.171959451726965, "compression_ratio": 1.5543478260869565, "no_speech_prob": 0.1591169685125351}, {"id": 2, "seek": 0, "start": 12.0, "end": 18.0, "text": " People think that I am the cause for so many things that happen in the college.", "tokens": [50963, 4380, 892, 326, 314, 716, 262, 2728, 329, 523, 867, 1243, 326, 1645, 287, 262, 4152, 13, 51263], "temperature": 0.0, "avg_logprob": -0.171959451726965, "compression_ratio": 1.5543478260869565, "no_speech_prob": 0.1591169685125351}, {"id": 3, "seek": 0, "start": 18.0, "end": 23.0, "text": " I am really unfortunate and I am not happy with the situation.", "tokens": [51263, 314, 716, 1107, 14855, 290, 314, 716, 407, 3772, 351, 262, 3074, 13, 51513], "temperature": 0.0, "avg_logprob": -0.171959451726965, "compression_ratio": 1.5543478260869565, "no_speech_prob": 0.1591169685125351}], "language": "en"}